0,structure,subnet
1,neuron,iaf_neuron,-70.0,-55.0,-70.0,250.0
2,neuron,iaf_neuron,-70.0,-55.0,-70.0,250.0
3,neuron,iaf_neuron,-70.0,-55.0,-70.0,250.0
4,neuron,iaf_neuron,-70.0,-55.0,-70.0,250.0
5,neuron,iaf_neuron,-70.0,-55.0,-70.0,250.0
6,neuron,iaf_neuron,-70.0,-55.0,-70.0,250.0
7,neuron,iaf_neuron,-70.0,-55.0,-70.0,250.0
8,neuron,iaf_neuron,-70.0,-55.0,-70.0,250.0
9,neuron,iaf_neuron,-70.0,-55.0,-70.0,250.0
10,neuron,iaf_neuron,-70.0,-55.0,-70.0,250.0
11,neuron,iaf_neuron,-70.0,-55.0,-70.0,250.0
12,neuron,iaf_neuron,-70.0,-55.0,-70.0,250.0
13,neuron,iaf_neuron,-70.0,-55.0,-70.0,250.0
14,neuron,iaf_neuron,-70.0,-55.0,-70.0,250.0
15,neuron,iaf_neuron,-70.0,-55.0,-70.0,250.0
16,neuron,iaf_neuron,-70.0,-55.0,-70.0,250.0
17,neuron,iaf_neuron,-70.0,-55.0,-70.0,250.0
18,neuron,iaf_neuron,-70.0,-55.0,-70.0,250.0
19,neuron,iaf_neuron,-70.0,-55.0,-70.0,250.0
20,neuron,iaf_neuron,-70.0,-55.0,-70.0,250.0
21,neuron,iaf_neuron,-70.0,-55.0,-70.0,250.0
22,neuron,iaf_neuron,-70.0,-55.0,-70.0,250.0
23,neuron,iaf_neuron,-70.0,-55.0,-70.0,250.0
24,neuron,iaf_neuron,-70.0,-55.0,-70.0,250.0
25,neuron,iaf_neuron,-70.0,-55.0,-70.0,250.0
26,neuron,iaf_neuron,-70.0,-55.0,-70.0,250.0
27,neuron,iaf_neuron,-70.0,-55.0,-70.0,250.0
28,neuron,iaf_neuron,-70.0,-55.0,-70.0,250.0
29,neuron,iaf_neuron,-70.0,-55.0,-70.0,250.0
30,neuron,iaf_neuron,-70.0,-55.0,-70.0,250.0
31,neuron,iaf_neuron,-70.0,-55.0,-70.0,250.0
32,neuron,iaf_neuron,-70.0,-55.0,-70.0,250.0
33,neuron,iaf_neuron,-70.0,-55.0,-70.0,250.0
34,neuron,iaf_neuron,-70.0,-55.0,-70.0,250.0
35,neuron,iaf_neuron,-70.0,-55.0,-70.0,250.0
36,neuron,iaf_neuron,-70.0,-55.0,-70.0,250.0
37,neuron,iaf_neuron,-70.0,-55.0,-70.0,250.0
38,neuron,iaf_neuron,-70.0,-55.0,-70.0,250.0
39,neuron,iaf_neuron,-70.0,-55.0,-70.0,250.0
40,neuron,iaf_neuron,-70.0,-55.0,-70.0,250.0
41,neuron,iaf_neuron,-70.0,-55.0,-70.0,250.0
42,neuron,iaf_neuron,-70.0,-55.0,-70.0,250.0
43,neuron,iaf_neuron,-70.0,-55.0,-70.0,250.0
44,neuron,iaf_neuron,-70.0,-55.0,-70.0,250.0
45,neuron,iaf_neuron,-70.0,-55.0,-70.0,250.0
46,neuron,iaf_neuron,-70.0,-55.0,-70.0,250.0
47,neuron,iaf_neuron,-70.0,-55.0,-70.0,250.0
48,neuron,iaf_neuron,-70.0,-55.0,-70.0,250.0
49,neuron,iaf_neuron,-70.0,-55.0,-70.0,250.0
50,neuron,iaf_neuron,-70.0,-55.0,-70.0,250.0
51,neuron,iaf_neuron,-70.0,-55.0,-70.0,250.0
52,neuron,iaf_neuron,-70.0,-55.0,-70.0,250.0
53,neuron,iaf_neuron,-70.0,-55.0,-70.0,250.0
54,neuron,iaf_neuron,-70.0,-55.0,-70.0,250.0
55,neuron,iaf_neuron,-70.0,-55.0,-70.0,250.0
56,neuron,iaf_neuron,-70.0,-55.0,-70.0,250.0
57,neuron,iaf_neuron,-70.0,-55.0,-70.0,250.0
58,neuron,iaf_neuron,-70.0,-55.0,-70.0,250.0
59,neuron,iaf_neuron,-70.0,-55.0,-70.0,250.0
60,neuron,iaf_neuron,-70.0,-55.0,-70.0,250.0
61,neuron,iaf_neuron,-70.0,-55.0,-70.0,250.0
62,neuron,iaf_neuron,-70.0,-55.0,-70.0,250.0
63,neuron,iaf_neuron,-70.0,-55.0,-70.0,250.0
64,neuron,iaf_neuron,-70.0,-55.0,-70.0,250.0
65,neuron,iaf_neuron,-70.0,-55.0,-70.0,250.0
66,neuron,iaf_neuron,-70.0,-55.0,-70.0,250.0
67,neuron,iaf_neuron,-70.0,-55.0,-70.0,250.0
68,neuron,iaf_neuron,-70.0,-55.0,-70.0,250.0
69,neuron,iaf_neuron,-70.0,-55.0,-70.0,250.0
70,neuron,iaf_neuron,-70.0,-55.0,-70.0,250.0
71,neuron,iaf_neuron,-70.0,-55.0,-70.0,250.0
72,neuron,iaf_neuron,-70.0,-55.0,-70.0,250.0
73,neuron,iaf_neuron,-70.0,-55.0,-70.0,250.0
74,neuron,iaf_neuron,-70.0,-55.0,-70.0,250.0
75,neuron,iaf_neuron,-70.0,-55.0,-70.0,250.0
76,neuron,iaf_neuron,-70.0,-55.0,-70.0,250.0
77,neuron,iaf_neuron,-70.0,-55.0,-70.0,250.0
78,neuron,iaf_neuron,-70.0,-55.0,-70.0,250.0
79,neuron,iaf_neuron,-70.0,-55.0,-70.0,250.0
80,neuron,iaf_neuron,-70.0,-55.0,-70.0,250.0
81,neuron,iaf_neuron,-70.0,-55.0,-70.0,250.0
82,neuron,iaf_neuron,-70.0,-55.0,-70.0,250.0
83,neuron,iaf_neuron,-70.0,-55.0,-70.0,250.0
84,neuron,iaf_neuron,-70.0,-55.0,-70.0,250.0
85,neuron,iaf_neuron,-70.0,-55.0,-70.0,250.0
86,neuron,iaf_neuron,-70.0,-55.0,-70.0,250.0
87,neuron,iaf_neuron,-70.0,-55.0,-70.0,250.0
88,neuron,iaf_neuron,-70.0,-55.0,-70.0,250.0
89,neuron,iaf_neuron,-70.0,-55.0,-70.0,250.0
90,neuron,iaf_neuron,-70.0,-55.0,-70.0,250.0
91,neuron,iaf_neuron,-70.0,-55.0,-70.0,250.0
92,neuron,iaf_neuron,-70.0,-55.0,-70.0,250.0
93,neuron,iaf_neuron,-70.0,-55.0,-70.0,250.0
94,neuron,iaf_neuron,-70.0,-55.0,-70.0,250.0
95,neuron,iaf_neuron,-70.0,-55.0,-70.0,250.0
96,neuron,iaf_neuron,-70.0,-55.0,-70.0,250.0
97,neuron,iaf_neuron,-70.0,-55.0,-70.0,250.0
98,neuron,iaf_neuron,-70.0,-55.0,-70.0,250.0
99,neuron,iaf_neuron,-70.0,-55.0,-70.0,250.0
100,neuron,iaf_neuron,-70.0,-55.0,-70.0,250.0
101,neuron,iaf_neuron,-70.0,-55.0,-70.0,250.0
102,neuron,iaf_neuron,-70.0,-55.0,-70.0,250.0
103,neuron,iaf_neuron,-70.0,-55.0,-70.0,250.0
104,neuron,iaf_neuron,-70.0,-55.0,-70.0,250.0
105,neuron,iaf_neuron,-70.0,-55.0,-70.0,250.0
106,neuron,iaf_neuron,-70.0,-55.0,-70.0,250.0
107,neuron,iaf_neuron,-70.0,-55.0,-70.0,250.0
108,neuron,iaf_neuron,-70.0,-55.0,-70.0,250.0
109,neuron,iaf_neuron,-70.0,-55.0,-70.0,250.0
110,neuron,iaf_neuron,-70.0,-55.0,-70.0,250.0
111,neuron,iaf_neuron,-70.0,-55.0,-70.0,250.0
112,neuron,iaf_neuron,-70.0,-55.0,-70.0,250.0
113,neuron,iaf_neuron,-70.0,-55.0,-70.0,250.0
114,neuron,iaf_neuron,-70.0,-55.0,-70.0,250.0
115,neuron,iaf_neuron,-70.0,-55.0,-70.0,250.0
116,neuron,iaf_neuron,-70.0,-55.0,-70.0,250.0
117,neuron,iaf_neuron,-70.0,-55.0,-70.0,250.0
118,neuron,iaf_neuron,-70.0,-55.0,-70.0,250.0
119,neuron,iaf_neuron,-70.0,-55.0,-70.0,250.0
120,neuron,iaf_neuron,-70.0,-55.0,-70.0,250.0
121,neuron,iaf_neuron,-70.0,-55.0,-70.0,250.0
122,neuron,iaf_neuron,-70.0,-55.0,-70.0,250.0
123,neuron,iaf_neuron,-70.0,-55.0,-70.0,250.0
124,neuron,iaf_neuron,-70.0,-55.0,-70.0,250.0
125,neuron,iaf_neuron,-70.0,-55.0,-70.0,250.0
126,neuron,iaf_neuron,-70.0,-55.0,-70.0,250.0
127,neuron,iaf_neuron,-70.0,-55.0,-70.0,250.0
128,neuron,iaf_neuron,-70.0,-55.0,-70.0,250.0
129,neuron,iaf_neuron,-70.0,-55.0,-70.0,250.0
130,neuron,iaf_neuron,-70.0,-55.0,-70.0,250.0
131,neuron,iaf_neuron,-70.0,-55.0,-70.0,250.0
132,neuron,iaf_neuron,-70.0,-55.0,-70.0,250.0
133,neuron,iaf_neuron,-70.0,-55.0,-70.0,250.0
134,neuron,iaf_neuron,-70.0,-55.0,-70.0,250.0
135,neuron,iaf_neuron,-70.0,-55.0,-70.0,250.0
136,neuron,iaf_neuron,-70.0,-55.0,-70.0,250.0
137,neuron,iaf_neuron,-70.0,-55.0,-70.0,250.0
138,neuron,iaf_neuron,-70.0,-55.0,-70.0,250.0
139,neuron,iaf_neuron,-70.0,-55.0,-70.0,250.0
140,neuron,iaf_neuron,-70.0,-55.0,-70.0,250.0
141,neuron,iaf_neuron,-70.0,-55.0,-70.0,250.0
142,neuron,iaf_neuron,-70.0,-55.0,-70.0,250.0
143,neuron,iaf_neuron,-70.0,-55.0,-70.0,250.0
144,neuron,iaf_neuron,-70.0,-55.0,-70.0,250.0
145,neuron,iaf_neuron,-70.0,-55.0,-70.0,250.0
146,neuron,iaf_neuron,-70.0,-55.0,-70.0,250.0
147,neuron,iaf_neuron,-70.0,-55.0,-70.0,250.0
148,neuron,iaf_neuron,-70.0,-55.0,-70.0,250.0
149,neuron,iaf_neuron,-70.0,-55.0,-70.0,250.0
150,neuron,iaf_neuron,-70.0,-55.0,-70.0,250.0
151,neuron,iaf_neuron,-70.0,-55.0,-70.0,250.0
152,neuron,iaf_neuron,-70.0,-55.0,-70.0,250.0
153,neuron,iaf_neuron,-70.0,-55.0,-70.0,250.0
154,neuron,iaf_neuron,-70.0,-55.0,-70.0,250.0
155,neuron,iaf_neuron,-70.0,-55.0,-70.0,250.0
156,neuron,iaf_neuron,-70.0,-55.0,-70.0,250.0
157,neuron,iaf_neuron,-70.0,-55.0,-70.0,250.0
158,neuron,iaf_neuron,-70.0,-55.0,-70.0,250.0
159,neuron,iaf_neuron,-70.0,-55.0,-70.0,250.0
160,neuron,iaf_neuron,-70.0,-55.0,-70.0,250.0
161,neuron,iaf_neuron,-70.0,-55.0,-70.0,250.0
162,neuron,iaf_neuron,-70.0,-55.0,-70.0,250.0
163,neuron,iaf_neuron,-70.0,-55.0,-70.0,250.0
164,neuron,iaf_neuron,-70.0,-55.0,-70.0,250.0
165,neuron,iaf_neuron,-70.0,-55.0,-70.0,250.0
166,neuron,iaf_neuron,-70.0,-55.0,-70.0,250.0
167,neuron,iaf_neuron,-70.0,-55.0,-70.0,250.0
168,neuron,iaf_neuron,-70.0,-55.0,-70.0,250.0
169,neuron,iaf_neuron,-70.0,-55.0,-70.0,250.0
170,neuron,iaf_neuron,-70.0,-55.0,-70.0,250.0
171,neuron,iaf_neuron,-70.0,-55.0,-70.0,250.0
172,neuron,iaf_neuron,-70.0,-55.0,-70.0,250.0
173,neuron,iaf_neuron,-70.0,-55.0,-70.0,250.0
174,neuron,iaf_neuron,-70.0,-55.0,-70.0,250.0
175,neuron,iaf_neuron,-70.0,-55.0,-70.0,250.0
176,neuron,iaf_neuron,-70.0,-55.0,-70.0,250.0
177,neuron,iaf_neuron,-70.0,-55.0,-70.0,250.0
178,neuron,iaf_neuron,-70.0,-55.0,-70.0,250.0
179,neuron,iaf_neuron,-70.0,-55.0,-70.0,250.0
180,neuron,iaf_neuron,-70.0,-55.0,-70.0,250.0
181,neuron,iaf_neuron,-70.0,-55.0,-70.0,250.0
182,neuron,iaf_neuron,-70.0,-55.0,-70.0,250.0
183,neuron,iaf_neuron,-70.0,-55.0,-70.0,250.0
184,neuron,iaf_neuron,-70.0,-55.0,-70.0,250.0
185,neuron,iaf_neuron,-70.0,-55.0,-70.0,250.0
186,neuron,iaf_neuron,-70.0,-55.0,-70.0,250.0
187,neuron,iaf_neuron,-70.0,-55.0,-70.0,250.0
188,neuron,iaf_neuron,-70.0,-55.0,-70.0,250.0
189,neuron,iaf_neuron,-70.0,-55.0,-70.0,250.0
190,neuron,iaf_neuron,-70.0,-55.0,-70.0,250.0
191,neuron,iaf_neuron,-70.0,-55.0,-70.0,250.0
192,neuron,iaf_neuron,-70.0,-55.0,-70.0,250.0
193,neuron,iaf_neuron,-70.0,-55.0,-70.0,250.0
194,neuron,iaf_neuron,-70.0,-55.0,-70.0,250.0
195,neuron,iaf_neuron,-70.0,-55.0,-70.0,250.0
196,neuron,iaf_neuron,-70.0,-55.0,-70.0,250.0
197,neuron,iaf_neuron,-70.0,-55.0,-70.0,250.0
198,neuron,iaf_neuron,-70.0,-55.0,-70.0,250.0
199,neuron,iaf_neuron,-70.0,-55.0,-70.0,250.0
200,neuron,iaf_neuron,-70.0,-55.0,-70.0,250.0
201,neuron,iaf_neuron,-70.0,-55.0,-70.0,250.0
202,neuron,iaf_neuron,-70.0,-55.0,-70.0,250.0
203,neuron,iaf_neuron,-70.0,-55.0,-70.0,250.0
204,neuron,iaf_neuron,-70.0,-55.0,-70.0,250.0
205,neuron,iaf_neuron,-70.0,-55.0,-70.0,250.0
206,neuron,iaf_neuron,-70.0,-55.0,-70.0,250.0
207,neuron,iaf_neuron,-70.0,-55.0,-70.0,250.0
208,neuron,iaf_neuron,-70.0,-55.0,-70.0,250.0
209,neuron,iaf_neuron,-70.0,-55.0,-70.0,250.0
210,neuron,iaf_neuron,-70.0,-55.0,-70.0,250.0
211,neuron,iaf_neuron,-70.0,-55.0,-70.0,250.0
212,neuron,iaf_neuron,-70.0,-55.0,-70.0,250.0
213,neuron,iaf_neuron,-70.0,-55.0,-70.0,250.0
214,neuron,iaf_neuron,-70.0,-55.0,-70.0,250.0
215,neuron,iaf_neuron,-70.0,-55.0,-70.0,250.0
216,neuron,iaf_neuron,-70.0,-55.0,-70.0,250.0
217,neuron,iaf_neuron,-70.0,-55.0,-70.0,250.0
218,neuron,iaf_neuron,-70.0,-55.0,-70.0,250.0
219,neuron,iaf_neuron,-70.0,-55.0,-70.0,250.0
220,neuron,iaf_neuron,-70.0,-55.0,-70.0,250.0
221,neuron,iaf_neuron,-70.0,-55.0,-70.0,250.0
222,neuron,iaf_neuron,-70.0,-55.0,-70.0,250.0
223,neuron,iaf_neuron,-70.0,-55.0,-70.0,250.0
224,neuron,iaf_neuron,-70.0,-55.0,-70.0,250.0
225,neuron,iaf_neuron,-70.0,-55.0,-70.0,250.0
226,neuron,iaf_neuron,-70.0,-55.0,-70.0,250.0
227,neuron,iaf_neuron,-70.0,-55.0,-70.0,250.0
228,neuron,iaf_neuron,-70.0,-55.0,-70.0,250.0
229,neuron,iaf_neuron,-70.0,-55.0,-70.0,250.0
230,neuron,iaf_neuron,-70.0,-55.0,-70.0,250.0
231,neuron,iaf_neuron,-70.0,-55.0,-70.0,250.0
232,neuron,iaf_neuron,-70.0,-55.0,-70.0,250.0
233,neuron,iaf_neuron,-70.0,-55.0,-70.0,250.0
234,neuron,iaf_neuron,-70.0,-55.0,-70.0,250.0
235,neuron,iaf_neuron,-70.0,-55.0,-70.0,250.0
236,neuron,iaf_neuron,-70.0,-55.0,-70.0,250.0
237,neuron,iaf_neuron,-70.0,-55.0,-70.0,250.0
238,neuron,iaf_neuron,-70.0,-55.0,-70.0,250.0
239,neuron,iaf_neuron,-70.0,-55.0,-70.0,250.0
240,neuron,iaf_neuron,-70.0,-55.0,-70.0,250.0
241,neuron,iaf_neuron,-70.0,-55.0,-70.0,250.0
242,neuron,iaf_neuron,-70.0,-55.0,-70.0,250.0
243,neuron,iaf_neuron,-70.0,-55.0,-70.0,250.0
244,neuron,iaf_neuron,-70.0,-55.0,-70.0,250.0
245,neuron,iaf_neuron,-70.0,-55.0,-70.0,250.0
246,neuron,iaf_neuron,-70.0,-55.0,-70.0,250.0
247,neuron,iaf_neuron,-70.0,-55.0,-70.0,250.0
248,neuron,iaf_neuron,-70.0,-55.0,-70.0,250.0
249,neuron,iaf_neuron,-70.0,-55.0,-70.0,250.0
250,neuron,iaf_neuron,-70.0,-55.0,-70.0,250.0
251,neuron,iaf_neuron,-70.0,-55.0,-70.0,250.0
252,neuron,iaf_neuron,-70.0,-55.0,-70.0,250.0
253,neuron,iaf_neuron,-70.0,-55.0,-70.0,250.0
254,neuron,iaf_neuron,-70.0,-55.0,-70.0,250.0
255,neuron,iaf_neuron,-70.0,-55.0,-70.0,250.0
256,neuron,iaf_neuron,-70.0,-55.0,-70.0,250.0
257,neuron,iaf_neuron,-70.0,-55.0,-70.0,250.0
258,neuron,iaf_neuron,-70.0,-55.0,-70.0,250.0
259,neuron,iaf_neuron,-70.0,-55.0,-70.0,250.0
260,neuron,iaf_neuron,-70.0,-55.0,-70.0,250.0
261,neuron,iaf_neuron,-70.0,-55.0,-70.0,250.0
262,neuron,iaf_neuron,-70.0,-55.0,-70.0,250.0
263,neuron,iaf_neuron,-70.0,-55.0,-70.0,250.0
264,neuron,iaf_neuron,-70.0,-55.0,-70.0,250.0
265,neuron,iaf_neuron,-70.0,-55.0,-70.0,250.0
266,neuron,iaf_neuron,-70.0,-55.0,-70.0,250.0
267,neuron,iaf_neuron,-70.0,-55.0,-70.0,250.0
268,neuron,iaf_neuron,-70.0,-55.0,-70.0,250.0
269,neuron,iaf_neuron,-70.0,-55.0,-70.0,250.0
270,neuron,iaf_neuron,-70.0,-55.0,-70.0,250.0
271,neuron,iaf_neuron,-70.0,-55.0,-70.0,250.0
272,neuron,iaf_neuron,-70.0,-55.0,-70.0,250.0
273,neuron,iaf_neuron,-70.0,-55.0,-70.0,250.0
274,neuron,iaf_neuron,-70.0,-55.0,-70.0,250.0
275,neuron,iaf_neuron,-70.0,-55.0,-70.0,250.0
276,neuron,iaf_neuron,-70.0,-55.0,-70.0,250.0
277,neuron,iaf_neuron,-70.0,-55.0,-70.0,250.0
278,neuron,iaf_neuron,-70.0,-55.0,-70.0,250.0
279,neuron,iaf_neuron,-70.0,-55.0,-70.0,250.0
280,neuron,iaf_neuron,-70.0,-55.0,-70.0,250.0
281,neuron,iaf_neuron,-70.0,-55.0,-70.0,250.0
282,neuron,iaf_neuron,-70.0,-55.0,-70.0,250.0
283,neuron,iaf_neuron,-70.0,-55.0,-70.0,250.0
284,neuron,iaf_neuron,-70.0,-55.0,-70.0,250.0
285,neuron,iaf_neuron,-70.0,-55.0,-70.0,250.0
286,neuron,iaf_neuron,-70.0,-55.0,-70.0,250.0
287,neuron,iaf_neuron,-70.0,-55.0,-70.0,250.0
288,neuron,iaf_neuron,-70.0,-55.0,-70.0,250.0
289,neuron,iaf_neuron,-70.0,-55.0,-70.0,250.0
290,neuron,iaf_neuron,-70.0,-55.0,-70.0,250.0
291,neuron,iaf_neuron,-70.0,-55.0,-70.0,250.0
292,neuron,iaf_neuron,-70.0,-55.0,-70.0,250.0
293,neuron,iaf_neuron,-70.0,-55.0,-70.0,250.0
294,neuron,iaf_neuron,-70.0,-55.0,-70.0,250.0
295,neuron,iaf_neuron,-70.0,-55.0,-70.0,250.0
296,neuron,iaf_neuron,-70.0,-55.0,-70.0,250.0
297,neuron,iaf_neuron,-70.0,-55.0,-70.0,250.0
298,neuron,iaf_neuron,-70.0,-55.0,-70.0,250.0
299,neuron,iaf_neuron,-70.0,-55.0,-70.0,250.0
300,neuron,iaf_neuron,-70.0,-55.0,-70.0,250.0
301,neuron,iaf_neuron,-70.0,-55.0,-70.0,250.0
302,neuron,iaf_neuron,-70.0,-55.0,-70.0,250.0
303,neuron,iaf_neuron,-70.0,-55.0,-70.0,250.0
304,neuron,iaf_neuron,-70.0,-55.0,-70.0,250.0
305,neuron,iaf_neuron,-70.0,-55.0,-70.0,250.0
306,neuron,iaf_neuron,-70.0,-55.0,-70.0,250.0
307,neuron,iaf_neuron,-70.0,-55.0,-70.0,250.0
308,neuron,iaf_neuron,-70.0,-55.0,-70.0,250.0
309,neuron,iaf_neuron,-70.0,-55.0,-70.0,250.0
310,neuron,iaf_neuron,-70.0,-55.0,-70.0,250.0
311,neuron,iaf_neuron,-70.0,-55.0,-70.0,250.0
312,neuron,iaf_neuron,-70.0,-55.0,-70.0,250.0
313,neuron,iaf_neuron,-70.0,-55.0,-70.0,250.0
314,neuron,iaf_neuron,-70.0,-55.0,-70.0,250.0
315,neuron,iaf_neuron,-70.0,-55.0,-70.0,250.0
316,neuron,iaf_neuron,-70.0,-55.0,-70.0,250.0
317,neuron,iaf_neuron,-70.0,-55.0,-70.0,250.0
318,neuron,iaf_neuron,-70.0,-55.0,-70.0,250.0
319,neuron,iaf_neuron,-70.0,-55.0,-70.0,250.0
320,neuron,iaf_neuron,-70.0,-55.0,-70.0,250.0
321,neuron,iaf_neuron,-70.0,-55.0,-70.0,250.0
322,neuron,iaf_neuron,-70.0,-55.0,-70.0,250.0
323,neuron,iaf_neuron,-70.0,-55.0,-70.0,250.0
324,neuron,iaf_neuron,-70.0,-55.0,-70.0,250.0
325,neuron,iaf_neuron,-70.0,-55.0,-70.0,250.0
326,neuron,iaf_neuron,-70.0,-55.0,-70.0,250.0
327,neuron,iaf_neuron,-70.0,-55.0,-70.0,250.0
328,neuron,iaf_neuron,-70.0,-55.0,-70.0,250.0
329,neuron,iaf_neuron,-70.0,-55.0,-70.0,250.0
330,neuron,iaf_neuron,-70.0,-55.0,-70.0,250.0
331,neuron,iaf_neuron,-70.0,-55.0,-70.0,250.0
332,neuron,iaf_neuron,-70.0,-55.0,-70.0,250.0
333,neuron,iaf_neuron,-70.0,-55.0,-70.0,250.0
334,neuron,iaf_neuron,-70.0,-55.0,-70.0,250.0
335,neuron,iaf_neuron,-70.0,-55.0,-70.0,250.0
336,neuron,iaf_neuron,-70.0,-55.0,-70.0,250.0
337,neuron,iaf_neuron,-70.0,-55.0,-70.0,250.0
338,neuron,iaf_neuron,-70.0,-55.0,-70.0,250.0
339,neuron,iaf_neuron,-70.0,-55.0,-70.0,250.0
340,neuron,iaf_neuron,-70.0,-55.0,-70.0,250.0
341,neuron,iaf_neuron,-70.0,-55.0,-70.0,250.0
342,neuron,iaf_neuron,-70.0,-55.0,-70.0,250.0
343,neuron,iaf_neuron,-70.0,-55.0,-70.0,250.0
344,neuron,iaf_neuron,-70.0,-55.0,-70.0,250.0
345,neuron,iaf_neuron,-70.0,-55.0,-70.0,250.0
346,neuron,iaf_neuron,-70.0,-55.0,-70.0,250.0
347,neuron,iaf_neuron,-70.0,-55.0,-70.0,250.0
348,neuron,iaf_neuron,-70.0,-55.0,-70.0,250.0
349,neuron,iaf_neuron,-70.0,-55.0,-70.0,250.0
350,neuron,iaf_neuron,-70.0,-55.0,-70.0,250.0
351,neuron,iaf_neuron,-70.0,-55.0,-70.0,250.0
352,neuron,iaf_neuron,-70.0,-55.0,-70.0,250.0
353,neuron,iaf_neuron,-70.0,-55.0,-70.0,250.0
354,neuron,iaf_neuron,-70.0,-55.0,-70.0,250.0
355,neuron,iaf_neuron,-70.0,-55.0,-70.0,250.0
356,neuron,iaf_neuron,-70.0,-55.0,-70.0,250.0
357,neuron,iaf_neuron,-70.0,-55.0,-70.0,250.0
358,neuron,iaf_neuron,-70.0,-55.0,-70.0,250.0
359,neuron,iaf_neuron,-70.0,-55.0,-70.0,250.0
360,neuron,iaf_neuron,-70.0,-55.0,-70.0,250.0
361,neuron,iaf_neuron,-70.0,-55.0,-70.0,250.0
362,neuron,iaf_neuron,-70.0,-55.0,-70.0,250.0
363,neuron,iaf_neuron,-70.0,-55.0,-70.0,250.0
364,neuron,iaf_neuron,-70.0,-55.0,-70.0,250.0
365,neuron,iaf_neuron,-70.0,-55.0,-70.0,250.0
366,neuron,iaf_neuron,-70.0,-55.0,-70.0,250.0
367,neuron,iaf_neuron,-70.0,-55.0,-70.0,250.0
368,neuron,iaf_neuron,-70.0,-55.0,-70.0,250.0
369,neuron,iaf_neuron,-70.0,-55.0,-70.0,250.0
370,neuron,iaf_neuron,-70.0,-55.0,-70.0,250.0
371,neuron,iaf_neuron,-70.0,-55.0,-70.0,250.0
372,neuron,iaf_neuron,-70.0,-55.0,-70.0,250.0
373,neuron,iaf_neuron,-70.0,-55.0,-70.0,250.0
374,neuron,iaf_neuron,-70.0,-55.0,-70.0,250.0
375,neuron,iaf_neuron,-70.0,-55.0,-70.0,250.0
376,neuron,iaf_neuron,-70.0,-55.0,-70.0,250.0
377,neuron,iaf_neuron,-70.0,-55.0,-70.0,250.0
378,neuron,iaf_neuron,-70.0,-55.0,-70.0,250.0
379,neuron,iaf_neuron,-70.0,-55.0,-70.0,250.0
380,neuron,iaf_neuron,-70.0,-55.0,-70.0,250.0
381,neuron,iaf_neuron,-70.0,-55.0,-70.0,250.0
382,neuron,iaf_neuron,-70.0,-55.0,-70.0,250.0
383,neuron,iaf_neuron,-70.0,-55.0,-70.0,250.0
384,neuron,iaf_neuron,-70.0,-55.0,-70.0,250.0
385,neuron,iaf_neuron,-70.0,-55.0,-70.0,250.0
386,neuron,iaf_neuron,-70.0,-55.0,-70.0,250.0
387,neuron,iaf_neuron,-70.0,-55.0,-70.0,250.0
388,neuron,iaf_neuron,-70.0,-55.0,-70.0,250.0
389,neuron,iaf_neuron,-70.0,-55.0,-70.0,250.0
390,neuron,iaf_neuron,-70.0,-55.0,-70.0,250.0
391,neuron,iaf_neuron,-70.0,-55.0,-70.0,250.0
392,neuron,iaf_neuron,-70.0,-55.0,-70.0,250.0
393,neuron,iaf_neuron,-70.0,-55.0,-70.0,250.0
394,neuron,iaf_neuron,-70.0,-55.0,-70.0,250.0
395,neuron,iaf_neuron,-70.0,-55.0,-70.0,250.0
396,neuron,iaf_neuron,-70.0,-55.0,-70.0,250.0
397,neuron,iaf_neuron,-70.0,-55.0,-70.0,250.0
398,neuron,iaf_neuron,-70.0,-55.0,-70.0,250.0
399,neuron,iaf_neuron,-70.0,-55.0,-70.0,250.0
400,neuron,iaf_neuron,-70.0,-55.0,-70.0,250.0
401,neuron,iaf_neuron,-70.0,-55.0,-70.0,250.0
402,neuron,iaf_neuron,-70.0,-55.0,-70.0,250.0
403,neuron,iaf_neuron,-70.0,-55.0,-70.0,250.0
404,neuron,iaf_neuron,-70.0,-55.0,-70.0,250.0
405,neuron,iaf_neuron,-70.0,-55.0,-70.0,250.0
406,neuron,iaf_neuron,-70.0,-55.0,-70.0,250.0
407,neuron,iaf_neuron,-70.0,-55.0,-70.0,250.0
408,neuron,iaf_neuron,-70.0,-55.0,-70.0,250.0
409,neuron,iaf_neuron,-70.0,-55.0,-70.0,250.0
410,neuron,iaf_neuron,-70.0,-55.0,-70.0,250.0
411,neuron,iaf_neuron,-70.0,-55.0,-70.0,250.0
412,neuron,iaf_neuron,-70.0,-55.0,-70.0,250.0
413,neuron,iaf_neuron,-70.0,-55.0,-70.0,250.0
414,neuron,iaf_neuron,-70.0,-55.0,-70.0,250.0
415,neuron,iaf_neuron,-70.0,-55.0,-70.0,250.0
416,neuron,iaf_neuron,-70.0,-55.0,-70.0,250.0
417,neuron,iaf_neuron,-70.0,-55.0,-70.0,250.0
418,neuron,iaf_neuron,-70.0,-55.0,-70.0,250.0
419,neuron,iaf_neuron,-70.0,-55.0,-70.0,250.0
420,neuron,iaf_neuron,-70.0,-55.0,-70.0,250.0
421,neuron,iaf_neuron,-70.0,-55.0,-70.0,250.0
422,neuron,iaf_neuron,-70.0,-55.0,-70.0,250.0
423,neuron,iaf_neuron,-70.0,-55.0,-70.0,250.0
424,neuron,iaf_neuron,-70.0,-55.0,-70.0,250.0
425,neuron,iaf_neuron,-70.0,-55.0,-70.0,250.0
426,neuron,iaf_neuron,-70.0,-55.0,-70.0,250.0
427,neuron,iaf_neuron,-70.0,-55.0,-70.0,250.0
428,neuron,iaf_neuron,-70.0,-55.0,-70.0,250.0
429,neuron,iaf_neuron,-70.0,-55.0,-70.0,250.0
430,neuron,iaf_neuron,-70.0,-55.0,-70.0,250.0
431,neuron,iaf_neuron,-70.0,-55.0,-70.0,250.0
432,neuron,iaf_neuron,-70.0,-55.0,-70.0,250.0
433,neuron,iaf_neuron,-70.0,-55.0,-70.0,250.0
434,neuron,iaf_neuron,-70.0,-55.0,-70.0,250.0
435,neuron,iaf_neuron,-70.0,-55.0,-70.0,250.0
436,neuron,iaf_neuron,-70.0,-55.0,-70.0,250.0
437,neuron,iaf_neuron,-70.0,-55.0,-70.0,250.0
438,neuron,iaf_neuron,-70.0,-55.0,-70.0,250.0
439,neuron,iaf_neuron,-70.0,-55.0,-70.0,250.0
440,neuron,iaf_neuron,-70.0,-55.0,-70.0,250.0
441,neuron,iaf_neuron,-70.0,-55.0,-70.0,250.0
442,neuron,iaf_neuron,-70.0,-55.0,-70.0,250.0
443,neuron,iaf_neuron,-70.0,-55.0,-70.0,250.0
444,neuron,iaf_neuron,-70.0,-55.0,-70.0,250.0
445,neuron,iaf_neuron,-70.0,-55.0,-70.0,250.0
446,neuron,iaf_neuron,-70.0,-55.0,-70.0,250.0
447,neuron,iaf_neuron,-70.0,-55.0,-70.0,250.0
448,neuron,iaf_neuron,-70.0,-55.0,-70.0,250.0
449,neuron,iaf_neuron,-70.0,-55.0,-70.0,250.0
450,neuron,iaf_neuron,-70.0,-55.0,-70.0,250.0
451,neuron,iaf_neuron,-70.0,-55.0,-70.0,250.0
452,neuron,iaf_neuron,-70.0,-55.0,-70.0,250.0
453,neuron,iaf_neuron,-70.0,-55.0,-70.0,250.0
454,neuron,iaf_neuron,-70.0,-55.0,-70.0,250.0
455,neuron,iaf_neuron,-70.0,-55.0,-70.0,250.0
456,neuron,iaf_neuron,-70.0,-55.0,-70.0,250.0
457,neuron,iaf_neuron,-70.0,-55.0,-70.0,250.0
458,neuron,iaf_neuron,-70.0,-55.0,-70.0,250.0
459,neuron,iaf_neuron,-70.0,-55.0,-70.0,250.0
460,neuron,iaf_neuron,-70.0,-55.0,-70.0,250.0
461,neuron,iaf_neuron,-70.0,-55.0,-70.0,250.0
462,neuron,iaf_neuron,-70.0,-55.0,-70.0,250.0
463,neuron,iaf_neuron,-70.0,-55.0,-70.0,250.0
464,neuron,iaf_neuron,-70.0,-55.0,-70.0,250.0
465,neuron,iaf_neuron,-70.0,-55.0,-70.0,250.0
466,neuron,iaf_neuron,-70.0,-55.0,-70.0,250.0
467,neuron,iaf_neuron,-70.0,-55.0,-70.0,250.0
468,neuron,iaf_neuron,-70.0,-55.0,-70.0,250.0
469,neuron,iaf_neuron,-70.0,-55.0,-70.0,250.0
470,neuron,iaf_neuron,-70.0,-55.0,-70.0,250.0
471,neuron,iaf_neuron,-70.0,-55.0,-70.0,250.0
472,neuron,iaf_neuron,-70.0,-55.0,-70.0,250.0
473,neuron,iaf_neuron,-70.0,-55.0,-70.0,250.0
474,neuron,iaf_neuron,-70.0,-55.0,-70.0,250.0
475,neuron,iaf_neuron,-70.0,-55.0,-70.0,250.0
476,neuron,iaf_neuron,-70.0,-55.0,-70.0,250.0
477,neuron,iaf_neuron,-70.0,-55.0,-70.0,250.0
478,neuron,iaf_neuron,-70.0,-55.0,-70.0,250.0
479,neuron,iaf_neuron,-70.0,-55.0,-70.0,250.0
480,neuron,iaf_neuron,-70.0,-55.0,-70.0,250.0
481,neuron,iaf_neuron,-70.0,-55.0,-70.0,250.0
482,neuron,iaf_neuron,-70.0,-55.0,-70.0,250.0
483,neuron,iaf_neuron,-70.0,-55.0,-70.0,250.0
484,neuron,iaf_neuron,-70.0,-55.0,-70.0,250.0
485,neuron,iaf_neuron,-70.0,-55.0,-70.0,250.0
486,neuron,iaf_neuron,-70.0,-55.0,-70.0,250.0
487,neuron,iaf_neuron,-70.0,-55.0,-70.0,250.0
488,neuron,iaf_neuron,-70.0,-55.0,-70.0,250.0
489,neuron,iaf_neuron,-70.0,-55.0,-70.0,250.0
490,neuron,iaf_neuron,-70.0,-55.0,-70.0,250.0
491,neuron,iaf_neuron,-70.0,-55.0,-70.0,250.0
492,neuron,iaf_neuron,-70.0,-55.0,-70.0,250.0
493,neuron,iaf_neuron,-70.0,-55.0,-70.0,250.0
494,neuron,iaf_neuron,-70.0,-55.0,-70.0,250.0
495,neuron,iaf_neuron,-70.0,-55.0,-70.0,250.0
496,neuron,iaf_neuron,-70.0,-55.0,-70.0,250.0
497,neuron,iaf_neuron,-70.0,-55.0,-70.0,250.0
498,neuron,iaf_neuron,-70.0,-55.0,-70.0,250.0
499,neuron,iaf_neuron,-70.0,-55.0,-70.0,250.0
500,neuron,iaf_neuron,-70.0,-55.0,-70.0,250.0
501,neuron,iaf_neuron,-70.0,-55.0,-70.0,250.0
502,neuron,iaf_neuron,-70.0,-55.0,-70.0,250.0
503,neuron,iaf_neuron,-70.0,-55.0,-70.0,250.0
504,neuron,iaf_neuron,-70.0,-55.0,-70.0,250.0
505,neuron,iaf_neuron,-70.0,-55.0,-70.0,250.0
506,neuron,iaf_neuron,-70.0,-55.0,-70.0,250.0
507,neuron,iaf_neuron,-70.0,-55.0,-70.0,250.0
508,neuron,iaf_neuron,-70.0,-55.0,-70.0,250.0
509,neuron,iaf_neuron,-70.0,-55.0,-70.0,250.0
510,neuron,iaf_neuron,-70.0,-55.0,-70.0,250.0
511,neuron,iaf_neuron,-70.0,-55.0,-70.0,250.0
512,neuron,iaf_neuron,-70.0,-55.0,-70.0,250.0
513,neuron,iaf_neuron,-70.0,-55.0,-70.0,250.0
514,neuron,iaf_neuron,-70.0,-55.0,-70.0,250.0
515,neuron,iaf_neuron,-70.0,-55.0,-70.0,250.0
516,neuron,iaf_neuron,-70.0,-55.0,-70.0,250.0
517,neuron,iaf_neuron,-70.0,-55.0,-70.0,250.0
518,neuron,iaf_neuron,-70.0,-55.0,-70.0,250.0
519,neuron,iaf_neuron,-70.0,-55.0,-70.0,250.0
520,neuron,iaf_neuron,-70.0,-55.0,-70.0,250.0
521,neuron,iaf_neuron,-70.0,-55.0,-70.0,250.0
522,neuron,iaf_neuron,-70.0,-55.0,-70.0,250.0
523,neuron,iaf_neuron,-70.0,-55.0,-70.0,250.0
524,neuron,iaf_neuron,-70.0,-55.0,-70.0,250.0
525,neuron,iaf_neuron,-70.0,-55.0,-70.0,250.0
526,neuron,iaf_neuron,-70.0,-55.0,-70.0,250.0
527,neuron,iaf_neuron,-70.0,-55.0,-70.0,250.0
528,neuron,iaf_neuron,-70.0,-55.0,-70.0,250.0
529,neuron,iaf_neuron,-70.0,-55.0,-70.0,250.0
530,neuron,iaf_neuron,-70.0,-55.0,-70.0,250.0
531,neuron,iaf_neuron,-70.0,-55.0,-70.0,250.0
532,neuron,iaf_neuron,-70.0,-55.0,-70.0,250.0
533,neuron,iaf_neuron,-70.0,-55.0,-70.0,250.0
534,neuron,iaf_neuron,-70.0,-55.0,-70.0,250.0
535,neuron,iaf_neuron,-70.0,-55.0,-70.0,250.0
536,neuron,iaf_neuron,-70.0,-55.0,-70.0,250.0
537,neuron,iaf_neuron,-70.0,-55.0,-70.0,250.0
538,neuron,iaf_neuron,-70.0,-55.0,-70.0,250.0
539,neuron,iaf_neuron,-70.0,-55.0,-70.0,250.0
540,neuron,iaf_neuron,-70.0,-55.0,-70.0,250.0
541,neuron,iaf_neuron,-70.0,-55.0,-70.0,250.0
542,neuron,iaf_neuron,-70.0,-55.0,-70.0,250.0
543,neuron,iaf_neuron,-70.0,-55.0,-70.0,250.0
544,neuron,iaf_neuron,-70.0,-55.0,-70.0,250.0
545,neuron,iaf_neuron,-70.0,-55.0,-70.0,250.0
546,neuron,iaf_neuron,-70.0,-55.0,-70.0,250.0
547,neuron,iaf_neuron,-70.0,-55.0,-70.0,250.0
548,neuron,iaf_neuron,-70.0,-55.0,-70.0,250.0
549,neuron,iaf_neuron,-70.0,-55.0,-70.0,250.0
550,neuron,iaf_neuron,-70.0,-55.0,-70.0,250.0
551,neuron,iaf_neuron,-70.0,-55.0,-70.0,250.0
552,neuron,iaf_neuron,-70.0,-55.0,-70.0,250.0
553,neuron,iaf_neuron,-70.0,-55.0,-70.0,250.0
554,neuron,iaf_neuron,-70.0,-55.0,-70.0,250.0
555,neuron,iaf_neuron,-70.0,-55.0,-70.0,250.0
556,neuron,iaf_neuron,-70.0,-55.0,-70.0,250.0
557,neuron,iaf_neuron,-70.0,-55.0,-70.0,250.0
558,neuron,iaf_neuron,-70.0,-55.0,-70.0,250.0
559,neuron,iaf_neuron,-70.0,-55.0,-70.0,250.0
560,neuron,iaf_neuron,-70.0,-55.0,-70.0,250.0
561,neuron,iaf_neuron,-70.0,-55.0,-70.0,250.0
562,neuron,iaf_neuron,-70.0,-55.0,-70.0,250.0
563,neuron,iaf_neuron,-70.0,-55.0,-70.0,250.0
564,neuron,iaf_neuron,-70.0,-55.0,-70.0,250.0
565,neuron,iaf_neuron,-70.0,-55.0,-70.0,250.0
566,neuron,iaf_neuron,-70.0,-55.0,-70.0,250.0
567,neuron,iaf_neuron,-70.0,-55.0,-70.0,250.0
568,neuron,iaf_neuron,-70.0,-55.0,-70.0,250.0
569,neuron,iaf_neuron,-70.0,-55.0,-70.0,250.0
570,neuron,iaf_neuron,-70.0,-55.0,-70.0,250.0
571,neuron,iaf_neuron,-70.0,-55.0,-70.0,250.0
572,neuron,iaf_neuron,-70.0,-55.0,-70.0,250.0
573,neuron,iaf_neuron,-70.0,-55.0,-70.0,250.0
574,neuron,iaf_neuron,-70.0,-55.0,-70.0,250.0
575,neuron,iaf_neuron,-70.0,-55.0,-70.0,250.0
576,neuron,iaf_neuron,-70.0,-55.0,-70.0,250.0
577,neuron,iaf_neuron,-70.0,-55.0,-70.0,250.0
578,neuron,iaf_neuron,-70.0,-55.0,-70.0,250.0
579,neuron,iaf_neuron,-70.0,-55.0,-70.0,250.0
580,neuron,iaf_neuron,-70.0,-55.0,-70.0,250.0
581,neuron,iaf_neuron,-70.0,-55.0,-70.0,250.0
582,neuron,iaf_neuron,-70.0,-55.0,-70.0,250.0
583,neuron,iaf_neuron,-70.0,-55.0,-70.0,250.0
584,neuron,iaf_neuron,-70.0,-55.0,-70.0,250.0
585,neuron,iaf_neuron,-70.0,-55.0,-70.0,250.0
586,neuron,iaf_neuron,-70.0,-55.0,-70.0,250.0
587,neuron,iaf_neuron,-70.0,-55.0,-70.0,250.0
588,neuron,iaf_neuron,-70.0,-55.0,-70.0,250.0
589,neuron,iaf_neuron,-70.0,-55.0,-70.0,250.0
590,neuron,iaf_neuron,-70.0,-55.0,-70.0,250.0
591,neuron,iaf_neuron,-70.0,-55.0,-70.0,250.0
592,neuron,iaf_neuron,-70.0,-55.0,-70.0,250.0
593,neuron,iaf_neuron,-70.0,-55.0,-70.0,250.0
594,neuron,iaf_neuron,-70.0,-55.0,-70.0,250.0
595,neuron,iaf_neuron,-70.0,-55.0,-70.0,250.0
596,neuron,iaf_neuron,-70.0,-55.0,-70.0,250.0
597,neuron,iaf_neuron,-70.0,-55.0,-70.0,250.0
598,neuron,iaf_neuron,-70.0,-55.0,-70.0,250.0
599,neuron,iaf_neuron,-70.0,-55.0,-70.0,250.0
600,neuron,iaf_neuron,-70.0,-55.0,-70.0,250.0
601,neuron,iaf_neuron,-70.0,-55.0,-70.0,250.0
602,neuron,iaf_neuron,-70.0,-55.0,-70.0,250.0
603,neuron,iaf_neuron,-70.0,-55.0,-70.0,250.0
604,neuron,iaf_neuron,-70.0,-55.0,-70.0,250.0
605,neuron,iaf_neuron,-70.0,-55.0,-70.0,250.0
606,neuron,iaf_neuron,-70.0,-55.0,-70.0,250.0
607,neuron,iaf_neuron,-70.0,-55.0,-70.0,250.0
608,neuron,iaf_neuron,-70.0,-55.0,-70.0,250.0
609,neuron,iaf_neuron,-70.0,-55.0,-70.0,250.0
610,neuron,iaf_neuron,-70.0,-55.0,-70.0,250.0
611,neuron,iaf_neuron,-70.0,-55.0,-70.0,250.0
612,neuron,iaf_neuron,-70.0,-55.0,-70.0,250.0
613,neuron,iaf_neuron,-70.0,-55.0,-70.0,250.0
614,neuron,iaf_neuron,-70.0,-55.0,-70.0,250.0
615,neuron,iaf_neuron,-70.0,-55.0,-70.0,250.0
616,neuron,iaf_neuron,-70.0,-55.0,-70.0,250.0
617,neuron,iaf_neuron,-70.0,-55.0,-70.0,250.0
618,neuron,iaf_neuron,-70.0,-55.0,-70.0,250.0
619,neuron,iaf_neuron,-70.0,-55.0,-70.0,250.0
620,neuron,iaf_neuron,-70.0,-55.0,-70.0,250.0
621,neuron,iaf_neuron,-70.0,-55.0,-70.0,250.0
622,neuron,iaf_neuron,-70.0,-55.0,-70.0,250.0
623,neuron,iaf_neuron,-70.0,-55.0,-70.0,250.0
624,neuron,iaf_neuron,-70.0,-55.0,-70.0,250.0
625,neuron,iaf_neuron,-70.0,-55.0,-70.0,250.0
626,neuron,iaf_neuron,-70.0,-55.0,-70.0,250.0
627,neuron,iaf_neuron,-70.0,-55.0,-70.0,250.0
628,neuron,iaf_neuron,-70.0,-55.0,-70.0,250.0
629,neuron,iaf_neuron,-70.0,-55.0,-70.0,250.0
630,neuron,iaf_neuron,-70.0,-55.0,-70.0,250.0
631,neuron,iaf_neuron,-70.0,-55.0,-70.0,250.0
632,neuron,iaf_neuron,-70.0,-55.0,-70.0,250.0
633,neuron,iaf_neuron,-70.0,-55.0,-70.0,250.0
634,neuron,iaf_neuron,-70.0,-55.0,-70.0,250.0
635,neuron,iaf_neuron,-70.0,-55.0,-70.0,250.0
636,neuron,iaf_neuron,-70.0,-55.0,-70.0,250.0
637,neuron,iaf_neuron,-70.0,-55.0,-70.0,250.0
638,neuron,iaf_neuron,-70.0,-55.0,-70.0,250.0
639,neuron,iaf_neuron,-70.0,-55.0,-70.0,250.0
640,neuron,iaf_neuron,-70.0,-55.0,-70.0,250.0
641,neuron,iaf_neuron,-70.0,-55.0,-70.0,250.0
642,neuron,iaf_neuron,-70.0,-55.0,-70.0,250.0
643,neuron,iaf_neuron,-70.0,-55.0,-70.0,250.0
644,neuron,iaf_neuron,-70.0,-55.0,-70.0,250.0
645,neuron,iaf_neuron,-70.0,-55.0,-70.0,250.0
646,neuron,iaf_neuron,-70.0,-55.0,-70.0,250.0
647,neuron,iaf_neuron,-70.0,-55.0,-70.0,250.0
648,neuron,iaf_neuron,-70.0,-55.0,-70.0,250.0
649,neuron,iaf_neuron,-70.0,-55.0,-70.0,250.0
650,neuron,iaf_neuron,-70.0,-55.0,-70.0,250.0
651,neuron,iaf_neuron,-70.0,-55.0,-70.0,250.0
652,neuron,iaf_neuron,-70.0,-55.0,-70.0,250.0
653,neuron,iaf_neuron,-70.0,-55.0,-70.0,250.0
654,neuron,iaf_neuron,-70.0,-55.0,-70.0,250.0
655,neuron,iaf_neuron,-70.0,-55.0,-70.0,250.0
656,neuron,iaf_neuron,-70.0,-55.0,-70.0,250.0
657,neuron,iaf_neuron,-70.0,-55.0,-70.0,250.0
658,neuron,iaf_neuron,-70.0,-55.0,-70.0,250.0
659,neuron,iaf_neuron,-70.0,-55.0,-70.0,250.0
660,neuron,iaf_neuron,-70.0,-55.0,-70.0,250.0
661,neuron,iaf_neuron,-70.0,-55.0,-70.0,250.0
662,neuron,iaf_neuron,-70.0,-55.0,-70.0,250.0
663,neuron,iaf_neuron,-70.0,-55.0,-70.0,250.0
664,neuron,iaf_neuron,-70.0,-55.0,-70.0,250.0
665,recorder,spike_detector
666,stimulator,dc_generator
667,stimulator,dc_generator
668,stimulator,dc_generator
669,stimulator,dc_generator
670,stimulator,dc_generator
671,stimulator,dc_generator
672,stimulator,dc_generator
673,stimulator,dc_generator
674,stimulator,dc_generator
675,stimulator,dc_generator
676,stimulator,dc_generator
677,stimulator,dc_generator
678,stimulator,dc_generator
679,stimulator,dc_generator
680,stimulator,dc_generator
681,stimulator,dc_generator
682,stimulator,dc_generator
683,stimulator,dc_generator
684,stimulator,dc_generator
685,stimulator,dc_generator
686,stimulator,dc_generator
687,stimulator,dc_generator
688,stimulator,dc_generator
689,stimulator,dc_generator
690,stimulator,dc_generator
691,stimulator,dc_generator
692,stimulator,dc_generator
693,stimulator,dc_generator
694,stimulator,dc_generator
695,stimulator,dc_generator
696,stimulator,dc_generator
697,stimulator,dc_generator
698,stimulator,dc_generator
699,stimulator,dc_generator
700,stimulator,dc_generator
701,stimulator,dc_generator
702,stimulator,dc_generator
703,stimulator,dc_generator
704,stimulator,dc_generator
705,stimulator,dc_generator
706,stimulator,dc_generator
707,stimulator,dc_generator
708,stimulator,dc_generator
709,stimulator,dc_generator
710,stimulator,dc_generator
711,stimulator,dc_generator
712,stimulator,dc_generator
713,stimulator,dc_generator
714,stimulator,dc_generator
715,stimulator,dc_generator
716,stimulator,dc_generator
717,stimulator,dc_generator
718,stimulator,dc_generator
719,stimulator,dc_generator
720,stimulator,dc_generator
721,stimulator,dc_generator
722,stimulator,dc_generator
723,stimulator,dc_generator
724,stimulator,dc_generator
725,stimulator,dc_generator
726,stimulator,dc_generator
727,stimulator,dc_generator
728,stimulator,dc_generator
729,stimulator,dc_generator
730,stimulator,dc_generator
731,stimulator,dc_generator
732,stimulator,dc_generator
733,stimulator,dc_generator
734,stimulator,dc_generator
735,stimulator,dc_generator
736,stimulator,dc_generator
737,stimulator,dc_generator
738,stimulator,dc_generator
739,stimulator,dc_generator
740,stimulator,dc_generator
741,stimulator,dc_generator
742,stimulator,dc_generator
743,stimulator,dc_generator
744,stimulator,dc_generator
745,stimulator,dc_generator
746,stimulator,dc_generator
747,stimulator,dc_generator
748,stimulator,dc_generator
749,stimulator,dc_generator
750,stimulator,dc_generator
751,stimulator,dc_generator
752,stimulator,dc_generator
753,stimulator,dc_generator
754,stimulator,dc_generator
755,stimulator,dc_generator
756,stimulator,dc_generator
757,stimulator,dc_generator
758,stimulator,dc_generator
759,stimulator,dc_generator
760,stimulator,dc_generator
761,stimulator,dc_generator
762,stimulator,dc_generator
763,stimulator,dc_generator
764,stimulator,dc_generator
765,stimulator,dc_generator
766,stimulator,dc_generator
767,stimulator,dc_generator
768,stimulator,dc_generator
769,stimulator,dc_generator
770,stimulator,dc_generator
771,stimulator,dc_generator
772,stimulator,dc_generator
773,stimulator,dc_generator
774,stimulator,dc_generator
775,stimulator,dc_generator
776,stimulator,dc_generator
777,stimulator,dc_generator
778,stimulator,dc_generator
779,stimulator,dc_generator
780,stimulator,dc_generator
781,stimulator,dc_generator
782,stimulator,dc_generator
783,stimulator,dc_generator
784,stimulator,dc_generator
785,stimulator,dc_generator
786,stimulator,dc_generator
787,stimulator,dc_generator
788,stimulator,dc_generator
789,stimulator,dc_generator
790,stimulator,dc_generator
791,stimulator,dc_generator
792,stimulator,dc_generator
793,stimulator,dc_generator
794,stimulator,dc_generator
795,stimulator,dc_generator
796,stimulator,dc_generator
797,stimulator,dc_generator
798,stimulator,dc_generator
799,stimulator,dc_generator
800,stimulator,dc_generator
801,stimulator,dc_generator
802,stimulator,dc_generator
803,stimulator,dc_generator
804,stimulator,dc_generator
805,stimulator,dc_generator
806,stimulator,dc_generator
807,stimulator,dc_generator
808,stimulator,dc_generator
809,stimulator,dc_generator
810,stimulator,dc_generator
811,stimulator,dc_generator
812,stimulator,dc_generator
813,stimulator,dc_generator
814,stimulator,dc_generator
815,stimulator,dc_generator
816,stimulator,dc_generator
817,stimulator,dc_generator
818,stimulator,dc_generator
819,stimulator,dc_generator
820,stimulator,dc_generator
821,stimulator,dc_generator
822,stimulator,dc_generator
823,stimulator,dc_generator
824,stimulator,dc_generator
825,stimulator,dc_generator
826,stimulator,dc_generator
827,stimulator,dc_generator
828,stimulator,dc_generator
829,stimulator,dc_generator
830,stimulator,dc_generator
831,stimulator,dc_generator
832,stimulator,dc_generator
833,stimulator,dc_generator
834,stimulator,dc_generator
835,stimulator,dc_generator
836,stimulator,dc_generator
837,stimulator,dc_generator
838,stimulator,dc_generator
839,stimulator,dc_generator
840,stimulator,dc_generator
841,stimulator,dc_generator
842,stimulator,dc_generator
843,stimulator,dc_generator
844,stimulator,dc_generator
845,stimulator,dc_generator
846,stimulator,dc_generator
847,stimulator,dc_generator
848,stimulator,dc_generator
849,stimulator,dc_generator
850,stimulator,dc_generator
851,stimulator,dc_generator
852,stimulator,dc_generator
853,stimulator,dc_generator
854,stimulator,dc_generator
855,stimulator,dc_generator
856,stimulator,dc_generator
857,stimulator,dc_generator
858,stimulator,dc_generator
859,stimulator,dc_generator
860,stimulator,dc_generator
861,stimulator,dc_generator
862,stimulator,dc_generator
863,stimulator,dc_generator
864,stimulator,dc_generator
865,stimulator,dc_generator
866,stimulator,dc_generator
867,stimulator,dc_generator
868,stimulator,dc_generator
869,stimulator,dc_generator
870,stimulator,dc_generator
871,stimulator,dc_generator
872,stimulator,dc_generator
873,stimulator,dc_generator
874,stimulator,dc_generator
875,stimulator,dc_generator
876,stimulator,dc_generator
877,stimulator,dc_generator
878,stimulator,dc_generator
879,stimulator,dc_generator
880,stimulator,dc_generator
881,stimulator,dc_generator
882,stimulator,dc_generator
883,stimulator,dc_generator
884,stimulator,dc_generator
885,stimulator,dc_generator
886,stimulator,dc_generator
887,stimulator,dc_generator
888,stimulator,dc_generator
889,stimulator,dc_generator
890,stimulator,dc_generator
891,stimulator,dc_generator
892,stimulator,dc_generator
893,stimulator,dc_generator
894,stimulator,dc_generator
895,stimulator,dc_generator
896,stimulator,dc_generator
897,stimulator,dc_generator
898,stimulator,dc_generator
899,stimulator,dc_generator
900,stimulator,dc_generator
901,stimulator,dc_generator
902,stimulator,dc_generator
903,stimulator,dc_generator
904,stimulator,dc_generator
905,stimulator,dc_generator
906,stimulator,dc_generator
907,stimulator,dc_generator
908,stimulator,dc_generator
909,stimulator,dc_generator
910,stimulator,dc_generator
911,stimulator,dc_generator
912,stimulator,dc_generator
913,stimulator,dc_generator
914,stimulator,dc_generator
915,stimulator,dc_generator
916,stimulator,dc_generator
917,stimulator,dc_generator
918,stimulator,dc_generator
919,stimulator,dc_generator
920,stimulator,dc_generator
921,stimulator,dc_generator
922,stimulator,dc_generator
923,stimulator,dc_generator
924,stimulator,dc_generator
925,stimulator,dc_generator
926,stimulator,dc_generator
927,stimulator,dc_generator
928,stimulator,dc_generator
929,stimulator,dc_generator
930,stimulator,dc_generator
931,stimulator,dc_generator
932,stimulator,dc_generator
933,stimulator,dc_generator
934,stimulator,dc_generator
935,stimulator,dc_generator
936,stimulator,dc_generator
937,stimulator,dc_generator
938,stimulator,dc_generator
939,stimulator,dc_generator
940,stimulator,dc_generator
941,stimulator,dc_generator
942,stimulator,dc_generator
943,stimulator,dc_generator
944,stimulator,dc_generator
945,stimulator,dc_generator
946,stimulator,dc_generator
947,stimulator,dc_generator
948,stimulator,dc_generator
949,stimulator,dc_generator
950,stimulator,dc_generator
951,stimulator,dc_generator
952,stimulator,dc_generator
953,stimulator,dc_generator
954,stimulator,dc_generator
955,stimulator,dc_generator
956,stimulator,dc_generator
957,stimulator,dc_generator
958,stimulator,dc_generator
959,stimulator,dc_generator
960,stimulator,dc_generator
961,stimulator,dc_generator
962,stimulator,dc_generator
963,stimulator,dc_generator
964,stimulator,dc_generator
965,stimulator,dc_generator
966,stimulator,dc_generator
967,stimulator,dc_generator
968,stimulator,dc_generator
969,stimulator,dc_generator
970,stimulator,dc_generator
971,stimulator,dc_generator
972,stimulator,dc_generator
973,stimulator,dc_generator
974,stimulator,dc_generator
975,stimulator,dc_generator
976,stimulator,dc_generator
977,stimulator,dc_generator
978,stimulator,dc_generator
979,stimulator,dc_generator
980,stimulator,dc_generator
981,stimulator,dc_generator
982,stimulator,dc_generator
983,stimulator,dc_generator
984,stimulator,dc_generator
985,stimulator,dc_generator
986,stimulator,dc_generator
987,stimulator,dc_generator
988,stimulator,dc_generator
989,stimulator,dc_generator
990,stimulator,dc_generator
991,stimulator,dc_generator
992,stimulator,dc_generator
993,stimulator,dc_generator
994,stimulator,dc_generator
995,stimulator,dc_generator
996,stimulator,dc_generator
997,stimulator,dc_generator
998,stimulator,dc_generator
999,stimulator,dc_generator
1000,stimulator,dc_generator
1001,stimulator,dc_generator
1002,stimulator,dc_generator
1003,stimulator,dc_generator
1004,stimulator,dc_generator
1005,stimulator,dc_generator
1006,stimulator,dc_generator
1007,stimulator,dc_generator
1008,stimulator,dc_generator
1009,stimulator,dc_generator
1010,stimulator,dc_generator
1011,stimulator,dc_generator
1012,stimulator,dc_generator
1013,stimulator,dc_generator
1014,stimulator,dc_generator
1015,stimulator,dc_generator
1016,stimulator,dc_generator
1017,stimulator,dc_generator
1018,stimulator,dc_generator
1019,stimulator,dc_generator
1020,stimulator,dc_generator
1021,stimulator,dc_generator
1022,stimulator,dc_generator
1023,stimulator,dc_generator
1024,stimulator,dc_generator
1025,stimulator,dc_generator
1026,stimulator,dc_generator
1027,stimulator,dc_generator
1028,stimulator,dc_generator
1029,stimulator,dc_generator
1030,stimulator,dc_generator
1031,stimulator,dc_generator
1032,stimulator,dc_generator
1033,stimulator,dc_generator
1034,stimulator,dc_generator
1035,stimulator,dc_generator
1036,stimulator,dc_generator
1037,stimulator,dc_generator
1038,stimulator,dc_generator
1039,stimulator,dc_generator
1040,stimulator,dc_generator
1041,stimulator,dc_generator
1042,stimulator,dc_generator
1043,stimulator,dc_generator
1044,stimulator,dc_generator
1045,stimulator,dc_generator
1046,stimulator,dc_generator
1047,stimulator,dc_generator
1048,stimulator,dc_generator
1049,stimulator,dc_generator
1050,stimulator,dc_generator
1051,stimulator,dc_generator
1052,stimulator,dc_generator
1053,stimulator,dc_generator
1054,stimulator,dc_generator
1055,stimulator,dc_generator
1056,stimulator,dc_generator
1057,stimulator,dc_generator
1058,stimulator,dc_generator
1059,stimulator,dc_generator
1060,stimulator,dc_generator
1061,stimulator,dc_generator
1062,stimulator,dc_generator
1063,stimulator,dc_generator
1064,stimulator,dc_generator
1065,stimulator,dc_generator
1066,stimulator,dc_generator
1067,stimulator,dc_generator
1068,stimulator,dc_generator
1069,stimulator,dc_generator
1070,stimulator,dc_generator
1071,stimulator,dc_generator
1072,stimulator,dc_generator
1073,stimulator,dc_generator
1074,stimulator,dc_generator
1075,stimulator,dc_generator
1076,stimulator,dc_generator
1077,stimulator,dc_generator
1078,stimulator,dc_generator
1079,stimulator,dc_generator
1080,stimulator,dc_generator
1081,stimulator,dc_generator
1082,stimulator,dc_generator
1083,stimulator,dc_generator
1084,stimulator,dc_generator
1085,stimulator,dc_generator
1086,stimulator,dc_generator
1087,stimulator,dc_generator
1088,stimulator,dc_generator
1089,stimulator,dc_generator
1090,stimulator,dc_generator
1091,stimulator,dc_generator
1092,stimulator,dc_generator
1093,stimulator,dc_generator
1094,stimulator,dc_generator
1095,stimulator,dc_generator
1096,stimulator,dc_generator
1097,stimulator,dc_generator
1098,stimulator,dc_generator
1099,stimulator,dc_generator
1100,stimulator,dc_generator
1101,stimulator,dc_generator
1102,stimulator,dc_generator
1103,stimulator,dc_generator
1104,stimulator,dc_generator
1105,stimulator,dc_generator
1106,stimulator,dc_generator
1107,stimulator,dc_generator
1108,stimulator,dc_generator
1109,stimulator,dc_generator
1110,stimulator,dc_generator
1111,stimulator,dc_generator
1112,stimulator,dc_generator
1113,stimulator,dc_generator
1114,stimulator,dc_generator
1115,stimulator,dc_generator
1116,stimulator,dc_generator
1117,stimulator,dc_generator
1118,stimulator,dc_generator
1119,stimulator,dc_generator
1120,stimulator,dc_generator
1121,stimulator,dc_generator
1122,stimulator,dc_generator
1123,stimulator,dc_generator
1124,stimulator,dc_generator
1125,stimulator,dc_generator
1126,stimulator,dc_generator
1127,stimulator,dc_generator
1128,stimulator,dc_generator
1129,stimulator,dc_generator
1130,stimulator,dc_generator
1131,stimulator,dc_generator
1132,stimulator,dc_generator
1133,stimulator,dc_generator
1134,stimulator,dc_generator
1135,stimulator,dc_generator
1136,stimulator,dc_generator
1137,stimulator,dc_generator
1138,stimulator,dc_generator
1139,stimulator,dc_generator
1140,stimulator,dc_generator
1141,stimulator,dc_generator
1142,stimulator,dc_generator
1143,stimulator,dc_generator
1144,stimulator,dc_generator
1145,stimulator,dc_generator
1146,stimulator,dc_generator
1147,stimulator,dc_generator
1148,stimulator,dc_generator
1149,stimulator,dc_generator
1150,stimulator,dc_generator
1151,stimulator,dc_generator
1152,stimulator,noise_generator
1153,stimulator,noise_generator
1154,stimulator,noise_generator
1155,recorder,voltmeter
